,x,y,strata
0,-0.05606568484188745,-0.12462994607831691,1.0
1,0.43221492291835806,0.36236595180175485,2.0
2,0.519111255582152,0.7912292472247568,3.0
3,0.5014559019711643,0.037293107597977646,4.0
4,0.628352530686855,0.23127192205057442,5.0
5,0.7754114383293664,1.1690738604451338,6.0
6,0.08492300144494738,1.1111381120140127,7.0
7,0.6455344056893111,1.7227187567244537,8.0
8,-1.1192212632544547,-0.2258046461591618,9.0
9,1.4703832943669017,2.8218520314448106,10.0
10,0.05354096748500643,-0.2626248535498284,1.0
11,0.22011759207723847,0.5851358502696258,2.0
12,-0.008750349528323808,0.5874044185574423,3.0
13,-0.3558894833972832,-0.8781385357004958,4.0
14,-0.7545015768195709,-0.4988602475120487,5.0
15,0.8470616821149232,0.919792055502496,6.0
16,-0.9902033865499289,-0.7079976239384419,7.0
17,0.7381204638075914,1.6552298148677063,8.0
18,1.0581732681876541,1.9266935458363963,9.0
19,1.8137204386633867,2.40322735469295,10.0
20,-0.03442598593578545,0.13784489313413972,1.0
21,-0.33802462926525684,-0.31991710688257063,2.0
22,-0.5375522599992449,-0.536947963567126,3.0
23,-0.650581492512954,-0.5747754715895659,4.0
24,-0.7248041165016554,-0.787198419995494,5.0
25,0.3953305115399918,1.245891777582197,6.0
26,-1.067868866790068,-0.81687655215025,7.0
27,-1.1199029127275764,-0.8794110493105777,8.0
28,1.276534810463591,0.5587550198979135,9.0
29,-1.3155517217190713,0.06565976286040996,10.0
30,0.1789214514388547,0.05586457518424477,1.0
31,-0.417684605296888,-0.42885048567241174,2.0
32,-0.24616224392687583,-0.7572027224286676,3.0
33,0.05729065530186309,-0.5943555934851338,4.0
34,-0.016947484229629377,0.7703189298086238,5.0
35,0.8836352636462935,0.9509722501129731,6.0
36,-0.032395503775466024,-1.0423215007035218,7.0
37,-1.031438305535373,-1.6459328251021563,8.0
38,1.1848861676332467,2.012281093651491,9.0
39,-0.7457326415969974,1.1825136198032888,10.0
40,-0.041629358702960556,-0.23124079817210066,1.0
41,-0.2893543404201879,-0.5326056536647535,2.0
42,0.4897255566171722,0.7432730228203939,3.0
43,0.5392825879615051,0.240213039402802,4.0
44,-0.29701922402405523,-1.0270930844387869,5.0
45,0.816835389982416,1.2547784189710884,6.0
46,0.6826887355476154,-0.07948935874213069,7.0
47,0.6114612666655794,1.673799608389634,8.0
48,1.1554159961471222,1.7505186753437445,9.0
49,-1.797071868581465,-1.3082239471399497,10.0
50,-0.14959570405672254,0.013357561879071615,1.0
51,0.03345906917864453,-0.30161762053711993,2.0
52,-0.0004068785080477954,0.47848394423842,3.0
53,0.3509166513417212,-0.25897973402852553,4.0
54,-0.7276104812019699,-1.0343501646155335,5.0
55,0.61202088396836,1.2810847284492075,6.0
56,1.056533138395887,1.149362177399547,7.0
57,-0.5854187623888194,-1.5194115758764934,8.0
58,-1.258621305857779,-0.6723006948321847,9.0
59,1.2344095623056222,-0.23635626588214814,10.0
60,0.22640684008930814,0.36466046258921975,1.0
61,-0.45657360763639065,-0.5600589918144635,2.0
62,-0.499063064488806,-0.34872349583606893,3.0
63,-0.41583215637160764,0.1132204674394166,4.0
64,-0.18229983259532354,-0.9564600717604327,5.0
65,-0.8491937263009878,-1.2455802435738337,6.0
66,-0.5813780633932673,0.3058877726804921,7.0
67,1.0072209352349044,1.7637462668859478,8.0
68,-0.5772141499267587,0.5624491172120374,9.0
69,0.42834253736421274,1.9804992386320495,10.0
70,-0.11648144625410611,0.13530803945935,1.0
71,0.2049097303361998,-0.21428956465012927,2.0
72,0.2931324358297003,0.7617797831580416,3.0
73,0.6166212260639681,0.4618289989048498,4.0
74,-0.8203253499924116,-0.8803273905811638,5.0
75,-0.7962702134935613,-1.2599094619854945,6.0
76,-0.3752061871098639,-1.28713694107203,7.0
77,1.2311497503257414,1.2780159957186232,8.0
78,-0.9366241118946627,-1.9937031596789605,9.0
79,-1.5106828167201733,-1.674175886440114,10.0
80,-0.062217143241668445,0.024562666782637445,1.0
81,0.07186666123288532,-0.24886810558586442,2.0
82,-0.34958478919818636,-0.6935219625854068,3.0
83,0.3113469334068013,-0.29578875687271355,4.0
84,0.0221290610999712,-0.6988186016513865,5.0
85,0.8805632084191545,0.6793142775186011,6.0
86,-0.588268681420774,0.3105380240456471,7.0
87,-1.216243579121081,-1.4994908084049916,8.0
88,0.1528525649294321,1.5476043691301917,9.0
89,1.6395938991850134,2.173289942210393,10.0
90,-0.02783081706866295,-0.2306423824085476,1.0
91,-0.11643172693356284,0.24623169230167385,2.0
92,-0.39947620991966004,-0.10564924159239751,3.0
93,0.6013055385993166,0.9019253521625625,4.0
94,-0.44617797012316196,-1.1434893861086899,5.0
95,-0.5623897048296106,-1.2551247689019447,6.0
96,-0.5011658634378664,-1.3182557984307763,7.0
97,1.0099847319098654,0.5200500747879253,8.0
98,0.510656976448238,-0.7847762905228381,9.0
99,-2.2025827857538802,-1.7127530552893306,10.0
100,0.14412874006127813,-0.11534858050533592,1.0
101,-0.017514764229462958,-0.35201676106581686,2.0
102,-0.37535305366224275,-0.716613681357805,3.0
103,0.1780743873091099,-0.48028559762825546,4.0
104,0.6603335923394812,0.20768020995626338,5.0
105,0.46405348149591275,1.2587012750143964,6.0
106,-0.8557257769853099,-0.31420537947980054,7.0
107,-1.1357333295765364,-1.1917357842490772,8.0
108,0.9414065399088855,2.1115818236276436,9.0
109,-1.4520254026305968,-2.4689979953417396,10.0
110,0.25202443611266445,0.3719540621930694,1.0
111,0.3421394288339244,0.21693009490647586,2.0
112,-0.3389102306894605,-0.7284886307360372,3.0
113,0.5645021871866328,0.8139291025104785,4.0
114,-0.6033009005671237,-0.09853722611936457,5.0
115,-0.032985007113988225,0.8845293401368275,6.0
116,0.20684081608875243,-0.7542545187383145,7.0
117,0.9731386184468447,1.4875777243517931,8.0
118,-1.2814355607941559,-1.1279733824795388,9.0
119,1.3389583935951497,2.462596766273301,10.0
120,0.20421741244155106,0.41643377418556216,1.0
121,-0.39864410253399,-0.5445144676893298,2.0
122,0.3486626228922547,0.820415216979122,3.0
123,-0.4486878248744406,-0.8578852928613835,4.0
124,0.5564279800954935,0.08693718267570995,5.0
125,0.20690371999937562,1.0407584663010674,6.0
126,0.8694132798745574,0.38346155835357043,7.0
127,-0.05216957031610877,1.2100102665057528,8.0
128,-0.0024441724972356967,1.452696753344254,9.0
129,0.6725135169619577,2.3099544686974394,10.0
130,-0.03573859308909001,0.22462225082386447,1.0
131,0.3850978039095431,0.11621452237459809,2.0
132,0.4510751181160263,0.7711204208895008,3.0
133,0.24375252003688275,0.8362748174893346,4.0
134,0.645152179760084,0.30747610677048287,5.0
135,-0.5865877206530217,-1.3330341216648056,6.0
136,0.8215009287669974,1.371807898784427,7.0
137,-1.0494067909100164,-0.6818006387366315,8.0
138,-1.3286657887967546,-0.9719431421417315,9.0
139,-1.7391886872804045,-2.0228181857154492,10.0
140,-0.2947959467816827,-0.2991870648426778,1.0
141,0.3631420373736432,0.3504471036140065,2.0
142,-0.17354960946493392,0.34551686489739,3.0
143,-0.4148707714201093,0.03867413853840877,4.0
144,-0.41738636251791794,0.18801688593106058,5.0
145,-0.536332883958811,-1.293328119956908,6.0
146,-1.0154937614437283,-1.3627793447182617,7.0
147,1.1360367725072569,1.3676037931336513,8.0
148,0.5145849250850413,-0.7539858534721037,9.0
149,0.2820176605554906,2.356652323172286,10.0
150,0.22427806027248717,0.1145611828789717,1.0
151,0.33394310183396575,0.32509911948258363,2.0
152,-0.2656015074121242,0.17760763563646587,3.0
153,-0.6325648489043302,-0.7618757411138652,4.0
154,-0.5509589645284667,-0.04970661421443989,5.0
155,0.15312730205202804,0.999669125105819,6.0
156,-0.9868958473457965,-0.9164203930388614,7.0
157,1.1308046971028125,1.4873466843722203,8.0
158,1.0806774534322354,1.8329272167054675,9.0
159,1.2412212415639052,0.05049521149043264,10.0
160,-0.17000965697061812,-0.0703745415269866,1.0
161,0.11294440940108871,0.5259182642730373,2.0
162,0.2431263248675516,-0.18296051782179135,3.0
163,-0.46913146784324006,0.046554086676024294,4.0
164,-0.7428694182377104,-0.37051073419512576,5.0
165,0.3353022114991818,1.2316725034205778,6.0
166,0.6264757708678058,1.3910835000853663,7.0
167,0.9316999044323191,0.1591554423416031,8.0
168,1.213958943489631,1.7376284185762367,9.0
169,-0.9689180581330277,0.8395898305476039,10.0
170,-0.09364721674494725,0.09393441919288695,1.0
171,0.3392015497085114,0.37591331245636717,2.0
172,0.4835532358633124,0.48195695047071846,3.0
173,0.40135008804726385,-0.16960653831199654,4.0
174,-0.10952426514583838,0.6817195119576832,5.0
175,-0.748433482414316,-1.1637590940915967,6.0
176,-0.9580214814854487,-0.4799382227818687,7.0
177,1.0955691604719175,1.015370731944945,8.0
178,-0.39274730080169923,0.9279982894703427,9.0
179,-0.5535214750099329,1.1240637958920967,10.0
180,-0.17079573934071,0.08894027003602402,1.0
181,0.44367196292643946,0.48628051356982394,2.0
182,-0.1591136994843931,0.40523111320915256,3.0
183,-0.45242763645307815,0.06518738374624375,4.0
184,0.7218238379099853,0.372018462148552,5.0
185,-0.19045524536027064,0.7243356049920125,6.0
186,-0.49805393563839157,0.4556365721927545,7.0
187,-1.0672660931604472,-1.5661768075257474,8.0
188,-0.5478480921629469,-1.7468575848567947,9.0
189,0.12137601872784182,2.1983484676495157,10.0
190,-0.2561157476895836,-0.33473122585900256,1.0
191,-0.11100696171497292,0.2213095824928598,2.0
192,0.5809211832795428,0.5168064965046388,3.0
193,0.3251681910945482,-0.28155088973827147,4.0
194,-0.37384583421339534,-0.9889139310745897,5.0
195,0.1021619823856911,-0.7622743012914825,6.0
196,0.8837373405541553,1.2597202418496596,7.0
197,-1.0705851486661437,-1.4488124975846615,8.0
198,-0.007009358706902136,1.4496426921087073,9.0
199,1.0248794272171784,2.605973807249864,10.0
200,0.23925115274586517,0.4235300807268867,1.0
201,-0.3904769380143314,-0.25327482482001823,2.0
202,-0.5155574527081179,-0.2471552168376743,3.0
203,-0.6338831273176672,-0.7049728444841661,4.0
204,-0.6916184715538899,-0.968140407028029,5.0
205,-0.3063683367257748,0.5368539528749707,6.0
206,0.8416376364875132,0.25322573182261515,7.0
207,-0.9037515297876737,-1.6865612811936375,8.0
208,-0.9624897128683026,0.07278222979971462,9.0
209,0.5332800232447444,-0.9511028900695927,10.0
210,0.253237263542318,0.4372987936625135,1.0
211,0.3426051917897044,0.3116209084264082,2.0
212,-0.20249902073512274,0.3214467188292483,3.0
213,-0.6578085832213847,-0.8228568844886207,4.0
214,0.6886982968890895,0.9589280521743127,5.0
215,-0.9452311351328743,-1.019824236150949,6.0
216,-0.6194781527122067,-1.496448980834238,7.0
217,-0.7494835872881649,-1.6605624355010595,8.0
218,-1.3884071309390533,-0.8180280541275666,9.0
219,-1.8769641100502408,-2.584789917239737,10.0
220,-0.05466060699885147,-0.097317140095745,1.0
221,0.0032438272712006183,0.33849548523400197,2.0
222,0.36433798022560876,0.714502561490764,3.0
223,0.5602560328309611,0.2936251977766064,4.0
224,-0.23681519370119195,0.48748999201245513,5.0
225,0.8191916319828864,0.41293850357786366,6.0
226,0.9102508879011176,1.3926224139723051,7.0
227,-0.9486913561245574,-0.34605272008591703,8.0
228,-1.4909014144678057,-1.5108806950865965,9.0
229,2.706064400938064,2.9763765835902745,10.0
230,0.1888779743051408,-0.037879012878203173,1.0
231,-0.3711348749277491,-0.16153597283143026,2.0
232,-0.42361704663766475,-0.7121739342478333,3.0
233,0.4776341221731662,0.8393086678344795,4.0
234,-0.3254019682417999,0.37091178428344695,5.0
235,0.8604935573934224,0.5967270684359444,6.0
236,0.6305840493634504,-0.11183222724898297,7.0
237,-0.18687788212515413,-1.425207144646176,8.0
238,0.7893581636303053,-0.2080314010518275,9.0
239,-0.9890311141568366,-2.2767368924389997,10.0
240,0.04483383347614545,-0.0843931275183368,1.0
241,-0.3293104348588162,-0.5920429620664138,2.0
242,0.5399371134842598,0.5106219336184422,3.0
243,0.6176473247583282,0.2872660362857391,4.0
244,0.025152432515450282,0.8217439934452065,5.0
245,-0.8394686215042271,-1.1576220330517022,6.0
246,-0.5492581536955888,-1.3561565678285585,7.0
247,1.1762651816823844,0.8298248726963213,8.0
248,-0.624925796643171,0.4868587534471797,9.0
249,1.2455788277721096,2.692687918364148,10.0
250,0.08895720012296496,-0.14389503389973612,1.0
251,0.22590407151879796,0.6045722897440599,2.0
252,0.4691702649878985,0.5438482285739125,3.0
253,0.09608561611368532,0.7080092993543565,4.0
254,-0.17832162642990904,-0.9850016816700689,5.0
255,-0.576352920425647,0.03645990361722727,6.0
256,0.5513462230648588,-0.31310585663145074,7.0
257,-0.8718162478496407,-0.04459163959488184,8.0
258,1.3234627164762414,0.8768604074260783,9.0
259,1.2436865594738142,0.3093967095571609,10.0
260,-0.01762702968471408,0.015005011068329674,1.0
261,0.33614234148702765,0.37507283833012534,2.0
262,-0.4486190512840408,-0.8298803801320812,3.0
263,0.5747431974586605,0.24828013442431052,4.0
264,-0.5256478806663892,-1.0119264323508352,5.0
265,0.4019914745395206,-0.4495574043067733,6.0
266,1.0358106331678165,1.3828444230678536,7.0
267,-1.0112854268966986,-0.5231277320056698,8.0
268,0.08351440359672317,1.3622570582997322,9.0
269,1.298337942282852,2.29001536173052,10.0
270,-0.2297843858540501,-0.19808552200304833,1.0
271,0.3231116714889801,0.044047395713839144,2.0
272,-0.09495445356944927,-0.6198684864066838,3.0
273,0.010932194887869808,-0.6228694945823068,4.0
274,-0.45982791560196007,0.11430949844915209,5.0
275,0.5616629442876883,-0.17709120734600947,6.0
276,-0.3641804768871295,-1.3930128394269068,7.0
277,-0.017266909094695197,1.081227754229459,8.0
278,0.2079068440416646,-1.197375400599035,9.0
279,0.9112202608051767,-0.6394608312428616,10.0
280,-0.14952260201327708,-0.04393967275943066,1.0
281,-0.3760459079783247,-0.47086280178781353,2.0
282,-0.2955565898652514,-0.7205483727579636,3.0
283,0.5555488439381425,0.8171235265583207,4.0
284,-0.7834856901047715,-0.9614917215580474,5.0
285,-0.787097511161521,-0.49484938320009175,6.0
286,0.8148160346231654,0.22120435438274355,7.0
287,0.9283811912671067,0.24296778938245991,8.0
288,1.1953400785541666,0.47914384009132516,9.0
289,1.348768888387326,0.3134438558628954,10.0
290,0.01757309675655973,0.04038688868529412,1.0
291,-0.43900694792372474,-0.35356336796212706,2.0
292,-0.48148039751028054,-0.3482370342526998,3.0
293,-0.6458721059892646,-0.901788660380169,4.0
294,0.30075565872991405,-0.348761747198415,5.0
295,0.6194939588158841,-0.06256718701941322,6.0
296,-0.8226795864763617,-1.3973121201832983,7.0
297,-0.32160986001661895,0.7474839724864898,8.0
298,0.7153281484541237,1.8278543761743793,9.0
299,-1.1966549732655316,-2.3216091174104725,10.0
300,0.17117626288284019,0.14661280219876022,1.0
301,-0.11389201926990983,0.21875368356478925,2.0
302,-0.11801977709012888,-0.688709630199449,3.0
303,-0.5940560367333766,-0.20579533628385535,4.0
304,-0.466821757955356,-1.0499038013490647,5.0
305,-0.8680743105006031,-0.911178296975531,6.0
306,0.19425821445679697,-0.8232229795739775,7.0
307,-0.031404791449246794,1.1844128780588865,8.0
308,0.39603306871453003,1.6637026784212172,9.0
309,-1.8690685876018083,-1.5675843942860186,10.0
310,0.02856384650280348,-0.29238788592747106,1.0
311,0.31828712451454166,0.4566180609191645,2.0
312,0.5437552565863978,0.6007780800827924,3.0
313,0.6216812347537717,0.47180892259543156,4.0
314,-0.7083676909583302,-1.0049560858374236,5.0
315,-0.8455729489687956,-0.9694818298907106,6.0
316,-0.16424803549956052,0.788582443917163,7.0
317,0.9649662240560251,1.7302449811024352,8.0
318,1.2556215458885243,1.9382302689440924,9.0
319,-0.8643665587286902,-2.1928952439528127,10.0
320,-0.21950476831598256,-0.16631994817033893,1.0
321,-0.3176486109592574,0.023682973311796685,2.0
322,-0.16284929705572912,0.32873079128810745,3.0
323,-0.6907263236385286,-0.6513282527835083,4.0
324,-0.26291079191569716,0.5026762067460572,5.0
325,0.0018402185115997467,-0.8931301712493415,6.0
326,0.7921073648604245,1.3738057176085063,7.0
327,-1.0939344305226477,-0.7227154675192087,8.0
328,-1.2644710231091263,-1.05726051971604,9.0
329,-0.8859727693948347,-2.121241590989949,10.0
330,-0.19152400056004107,-0.23010140361571366,1.0
331,0.008882973507108049,-0.3969397446588956,2.0
332,-0.42621120506878696,-0.18866881321006707,3.0
333,-0.31595870089598493,0.22104264131104248,4.0
334,0.12321462931338407,0.8850642448356656,5.0
335,-0.20660224739101435,-1.046460354833329,6.0
336,0.8098083830324981,0.24503733790667312,7.0
337,0.8978956466934456,0.010491507045783803,8.0
338,0.9570000059726995,1.9340038824565726,9.0
339,-0.2637572707950795,1.258238071952205,10.0
340,-0.06967580031760309,0.15702084962123242,1.0
341,0.4014151632675758,0.5296106476193264,2.0
342,-0.10090417057552198,0.48570792726213013,3.0
343,0.683704074392552,0.5299151693832689,4.0
344,0.26011678128433113,0.9609237521750529,5.0
345,-0.8656632313752346,-0.5954937329925684,6.0
346,-0.026008581252963636,-1.1229063192059605,7.0
347,-1.1219771396855014,-1.0024476297031844,8.0
348,1.2464781858805725,0.8439006982613562,9.0
349,1.2821703430422842,2.8739128760776964,10.0
350,-0.003396343681755611,0.1289011189105011,1.0
351,-0.3575231585890111,-0.11252441294595819,2.0
352,-0.46419041010021556,-0.661636941631124,3.0
353,0.14126074683232231,0.7534517390697634,4.0
354,-0.3006949469204643,-1.015234859713052,5.0
355,0.7824238615691995,0.27790677514411094,6.0
356,-0.19114214975738852,-1.2245324239211615,7.0
357,-0.5356152223451096,0.5605179294836191,8.0
358,1.224613288130909,1.6357324043744432,9.0
359,-0.04859851915171235,1.949517508622199,10.0
360,-0.24384708905451002,-0.0887678528145886,1.0
361,0.08846718031622382,0.5385865806298906,2.0
362,-0.5654812229138632,-0.39108797898316255,3.0
363,-0.4176587920396722,0.16040824206387064,4.0
364,0.1708153187315045,-0.5235138990468685,5.0
365,0.8438097996689142,0.4346052573615539,6.0
366,-0.9347543589220587,-1.2757172513715676,7.0
367,-0.8352225649784448,-1.5900317877745926,8.0
368,1.3749196728634843,1.439391842891598,9.0
369,1.532969434721684,1.4061145760028269,10.0
370,-0.13143247693364968,-0.18451454615138418,1.0
371,-0.2925299661009934,-0.1028453822033825,2.0
372,-0.5500665094226368,-0.472652972154602,3.0
373,-0.6724546727111081,-0.4657462387091504,4.0
374,0.7586455730913021,0.6800941386240019,5.0
375,-0.6683426947738264,-0.15584047755710662,6.0
376,0.03699078754656662,-0.9264662681417069,7.0
377,-0.3472431414272895,0.832867111778412,8.0
378,-0.14197656052698548,-1.565242591030839,9.0
379,1.517401530607288,2.8076283726981566,10.0
380,0.1685073736203395,-0.04113556820543422,1.0
381,-0.4124079365918851,-0.3615273131776553,2.0
382,-0.1458327568366314,0.38337554079893843,3.0
383,0.4042201614986866,-0.1194224598529346,4.0
384,-0.7457115316575728,-0.42710430608029537,5.0
385,0.4280989889592594,-0.30285001846205967,6.0
386,-0.04333155256179341,1.0374046789889053,7.0
387,-1.1710519985116825,-1.0195859845942778,8.0
388,0.7406523100491176,1.884427846829862,9.0
389,1.4911464006089792,0.993426523555806,10.0
390,0.10108749829942391,-0.09821089729530964,1.0
391,-0.37617364329917213,-0.4028919426569204,2.0
392,0.5363549226483606,0.46530602011294175,3.0
393,-0.6941132202036605,-0.8118364224649389,4.0
394,0.7797146658877566,0.6501594159850161,5.0
395,-0.8712596582740904,-1.2013405176857013,6.0
396,1.041481489663537,1.1559521301195756,7.0
397,1.1891112408962177,0.9918794455782767,8.0
398,0.880638880585151,-0.03852991497910717,9.0
399,-0.3300578521108612,1.2526296090024238,10.0
400,0.03238546284185116,0.2550501326376661,1.0
401,-0.2270043247818363,0.054079978447922235,2.0
402,0.3080134562926204,-0.17611206682933966,3.0
403,0.48510919852500967,0.945097344837433,4.0
404,-0.6322913328417641,-1.0290454125796797,5.0
405,-0.3517679210597103,0.4372286578767534,6.0
406,0.9505029914952797,1.4726358937411752,7.0
407,-0.6250965503316991,-1.5348878972987434,8.0
408,-0.14015057641326234,-1.635043332198472,9.0
409,1.7546089320318992,1.2841257290214305,10.0
410,0.019235308883104273,0.053448819266454735,1.0
411,-0.46232081033358713,-0.3768043229797822,2.0
412,-0.30349882091449953,-0.8041772669019346,3.0
413,-0.3310014504303022,0.2780854999304831,4.0
414,-0.7907047467673471,-0.8050847859253494,5.0
415,0.5869758081146004,1.2711638118834243,6.0
416,-0.6824917105444605,-1.404841756833958,7.0
417,-0.9336674878780418,-1.6792912391258827,8.0
418,-0.06573403261879213,1.2083499770809194,9.0
419,0.7954544953821918,2.4506693263999537,10.0
420,0.18962610453580062,0.14070609141647,1.0
421,0.3972951579659219,0.2560621272864942,2.0
422,-0.3247592678653007,0.0957414085193403,3.0
423,-0.5958299111049811,-0.9221592996405705,4.0
424,-0.7557064361676372,-0.6498276177468308,5.0
425,-0.7327673102881197,-0.27899698695849917,6.0
426,-0.8678100108750901,-0.27544005410037986,7.0
427,-0.209020133057669,-1.3299577792814388,8.0
428,1.1775573240876027,1.722066554088313,9.0
429,-1.5058886330086922,-2.500287875299867,10.0
430,-0.3072143600018295,-0.3880585660809095,1.0
431,-0.05987509263269287,-0.5119607848090842,2.0
432,-0.4137372377434876,-0.02075803603587006,3.0
433,-0.188494172144654,-0.8736960146304605,4.0
434,-0.7486255976008704,-1.0655594324591775,5.0
435,0.5205199722981698,-0.22501170198631748,6.0
436,0.03137921553423374,1.1055959948706842,7.0
437,1.2161382235791582,1.025981257239745,8.0
438,-1.3166446946760895,-1.4879949956934149,9.0
439,1.8140384101046672,2.016905361264434,10.0
440,0.1635150917898163,-0.09291654623912239,1.0
441,-0.050397863374737145,-0.4841601289758164,2.0
442,-0.13161679965682405,-0.6602046189562553,3.0
443,0.04244954655350021,0.6701804975013543,4.0
444,0.03225492218973625,0.7588962014519208,5.0
445,-0.8807016574415516,-0.6251085804436745,6.0
446,0.26676981781476405,-0.7599616534305108,7.0
447,0.08365559119332519,1.2915229784899191,8.0
448,-1.2337371699727713,-0.37031294705416207,9.0
449,-0.7447131102698863,0.7456208983400807,10.0
450,0.18646625957741308,0.17954996701299683,1.0
451,-0.054962944952776344,-0.4932814098654815,2.0
452,0.5400235574482752,0.5284485061500984,3.0
453,0.6608763058947722,0.8828484000713154,4.0
454,-0.07860797588373995,-0.7946458331276992,5.0
455,0.8338390888392296,0.7143047405964992,6.0
456,0.5719091230299077,1.4572750109898678,7.0
457,1.1214154704322385,1.2986287583728502,8.0
458,0.337786551163899,1.6634562585210433,9.0
459,1.2187355049549788,2.2621149619808536,10.0
460,0.09115650050092902,0.008494475222295952,1.0
461,0.346495148576867,0.34633775264533934,2.0
462,0.3772774559950055,0.7467585203394663,3.0
463,-0.47600507591598124,-0.9621103578984507,4.0
464,-0.6188508929481628,-0.2253619868004776,5.0
465,-0.022279927452653798,0.833779756435173,6.0
466,-0.9780727270138233,-0.9904270279469897,7.0
467,1.0687843195232385,1.4904373432690166,8.0
468,1.3261142845148026,1.6060914245884914,9.0
469,-1.6967655217984334,-2.9515888171650966,10.0
470,0.2363725295326819,0.1027620994429476,1.0
471,0.2880213445854068,0.6319976118293897,2.0
472,-0.07669171684740125,0.3921879941421791,3.0
473,0.20102840913373302,-0.38442970355090794,4.0
474,0.7025509486144597,0.9757781618892233,5.0
475,0.5496655989533916,1.2487471103509529,6.0
476,0.2122924679561157,1.148494827686517,7.0
477,0.3814137846025672,-0.7026331327958744,8.0
478,0.024831942136065033,1.5388750982059112,9.0
479,1.2871765838008773,0.08010090327181926,10.0
480,0.29585096913015135,0.30421524654305543,1.0
481,0.4263190278367994,0.43330415791566657,2.0
482,-0.5015236535678151,-0.759177871490214,3.0
483,0.41906040055721383,0.9144814151601754,4.0
484,0.6884382953987741,0.2578901981385952,5.0
485,0.41455938276188375,-0.4438847899552675,6.0
486,-0.8092768732769376,-0.19224480909825017,7.0
487,-0.4224980199118101,-1.5366006973891722,8.0
488,-0.9130935381885058,0.004766993480903226,9.0
489,1.9535628375998566,2.653546244502496,10.0
490,-0.2728901672075788,-0.43727355051894884,1.0
491,-0.3550764111903473,-0.6524133172246135,2.0
492,0.5052924073704671,0.3369614798543836,3.0
493,-0.5204049017763419,-0.05930036741894216,4.0
494,0.015881485397412333,-0.7614012442357572,5.0
495,0.3047278204988517,-0.5143375587477398,6.0
496,0.9742419767179283,0.8475605005702926,7.0
497,0.8096247823846121,1.5797165022138,8.0
498,0.16414824718206691,1.5879444421459497,9.0
499,1.3105966595640564,2.2238751090114857,10.0
500,0.12821697190999207,0.367934653660689,1.0
501,-0.02455375494847931,-0.43671904549732393,2.0
502,-0.2878310127898946,-0.7754509736826075,3.0
503,-0.5611799807746668,-0.8480951636302086,4.0
504,-0.753358227421346,-0.697957469285571,5.0
505,0.4903694702641815,-0.22891906895876363,6.0
506,0.7432298526715266,-0.04641844857114736,7.0
507,-0.5371337962743843,-1.5880366199254363,8.0
508,-1.4174165085214276,-1.5572728780884746,9.0
509,1.50879562519515,0.9889902247130341,10.0
510,0.06198277848892106,0.010338666390332417,1.0
511,0.2947526874629897,0.12362434934053666,2.0
512,0.32705659629799455,-0.11017935563781439,3.0
513,-0.6987872810890987,-0.5960491314054891,4.0
514,0.5599507673265992,0.09156240695037456,5.0
515,0.8035784036232654,1.3138121331783748,6.0
516,-0.9735745426238143,-0.6991560051076148,7.0
517,-1.2048970719009704,-0.8182692215053933,8.0
518,-1.2328764964516208,-0.8634065188550204,9.0
519,1.5563229856423488,2.0742263217363863,10.0
520,0.14279956132330923,0.3177678830423027,1.0
521,0.4045060986827693,0.581132552120847,2.0
522,-0.4968314948338883,-0.7898199663226769,3.0
523,0.6098162944078096,0.9468270783808311,4.0
524,0.7819419101754252,0.500189559896569,5.0
525,-0.6741335125588482,-1.2135894087029624,6.0
526,-0.3676959417772044,-1.2607860572740515,7.0
527,-0.986909965757809,-1.724076132875236,8.0
528,0.3489966267601463,1.7303444916116273,9.0
529,1.4921418132130104,2.2328848968938835,10.0
530,0.18693834282528163,0.11874701255326008,1.0
531,0.31320027504619236,-0.00520832704221966,2.0
532,-0.12398228379872213,-0.6391740366956216,3.0
533,0.6965460627780913,0.7811907740840458,4.0
534,-0.06195760513360862,0.6704154793278863,5.0
535,0.17668964102092477,-0.662105456952319,6.0
536,-0.12871009595016228,0.9138078284279562,7.0
537,-1.249772353389419,-1.3133304414118028,8.0
538,-0.9210311881539669,0.013661707546249275,9.0
539,-2.03874297035399,-2.240210098889398,10.0
540,0.1290389449185949,0.09443883543810885,1.0
541,-0.43279598593230834,-0.25298102990407967,2.0
542,0.43097016620911244,0.23141160669830793,3.0
543,0.5055924768973848,0.18617680054785715,4.0
544,-0.7583260077405793,-0.7399388664716092,5.0
545,0.908167303765614,0.7700365995257987,6.0
546,0.2685032835054865,1.3117475372545608,7.0
547,0.007324912061693852,1.225402528421416,8.0
548,1.224913457159329,0.8753972759500759,9.0
549,-1.4949146072962767,-1.0380253959468526,10.0
550,-0.27833963786973537,-0.16971066902312149,1.0
551,-0.18706311085951235,-0.47452126143749346,2.0
552,-0.12539578608396984,-0.6925137367339799,3.0
553,0.6584261770097396,0.5720508343365948,4.0
554,0.004274170135038231,0.7955502779324589,5.0
555,-0.8019506305400321,-1.2577192961197634,6.0
556,-0.1501930624433301,0.7990148646846544,7.0
557,1.1964590163921325,1.3138442553166139,8.0
558,1.3832836930931796,1.493566774060774,9.0
559,-1.4859258086446197,-0.4956100336923699,10.0
560,-0.17745426901608188,0.02238411686752976,1.0
561,0.30555993665249825,0.4490447287906978,2.0
562,0.17151530078966298,0.6411006401577872,3.0
563,0.6284585962125936,0.8527420580955257,4.0
564,0.7146201910466529,0.9172474484482562,5.0
565,0.7888035323043218,0.2785382952602951,6.0
566,0.8598906297178954,0.2177277063096605,7.0
567,-0.09385743989549264,-1.305683625335184,8.0
568,-1.2726105060797188,-1.2677517614009544,9.0
569,1.0825116666379457,0.002677714980236476,10.0
570,0.05839472283202499,0.0065695632334563025,1.0
571,0.3400374679032144,0.10084673448851608,2.0
572,-0.1584222871165041,0.3332432413629551,3.0
573,0.5006909304733572,0.1325336604846639,4.0
574,0.822859200066077,0.8687322066894665,5.0
575,-0.8102803939747076,-1.2680230146601865,6.0
576,0.7736242355229891,1.4650566197211414,7.0
577,-0.9016167197234437,-1.6464752667425484,8.0
578,-1.199456331124509,-1.66441098627533,9.0
579,-1.6088441833228344,-1.7808085392545854,10.0
580,-0.21662164201943906,-0.16298965877144783,1.0
581,-0.003077618104263386,-0.3468272783543149,2.0
582,-0.16201268263661267,-0.6818360763737744,3.0
583,0.4559387628418198,-0.04777118568873896,4.0
584,0.35983984132670144,0.9849721653212931,5.0
585,-0.567112353563236,-1.2498510595757202,6.0
586,0.2203851444889198,1.2378606471392024,7.0
587,-0.4527587785542779,-1.4638079820269192,8.0
588,0.8293574755591996,-0.22501527829792992,9.0
589,1.0990625055189176,2.2471299908513425,10.0
590,-0.23596091978793254,-0.19385651940854126,1.0
591,-0.4201929735421239,-0.24973979729658624,2.0
592,0.446414595877839,0.22093764009754727,3.0
593,0.32219527398789854,0.8870326235811131,4.0
594,0.7433625778111997,0.6368896658311796,5.0
595,-0.6555938211628669,-0.0024868186807582727,6.0
596,-0.04563548839860421,1.0138938090316705,7.0
597,0.1051885565858074,1.212552664351911,8.0
598,0.9379594295868464,-0.15584979560253015,9.0
599,-0.951497224375629,-2.373741144406768,10.0
600,-0.12938367804733933,-0.2985786674207899,1.0
601,0.3801114502304058,0.10247056154268837,2.0
602,-0.585258056836986,-0.5367644568045161,3.0
603,0.18622856694293563,0.7698874000925605,4.0
604,-0.20524580056469646,-0.9038460651878348,5.0
605,0.8293573233318574,1.0836169061830134,6.0
606,0.9090944216224619,0.577847880438482,7.0
607,0.2649240929262675,-0.8275627039744875,8.0
608,0.22056683798115745,1.5466826373170657,9.0
609,-0.18870339383514084,1.4623634389220446,10.0
610,0.0023729168550230165,-0.30189901426414606,1.0
611,-0.35843701974403047,-0.4182159807434252,2.0
612,-0.5269436937541654,-0.7806874393360361,3.0
613,-0.1407984222781463,0.46473103668867105,4.0
614,0.6445082745755075,0.2050227906717534,5.0
615,0.8086927802515285,1.2798369848814495,6.0
616,0.6299602042976427,-0.24226819306570915,7.0
617,-1.1574002815510722,-1.0379474764987386,8.0
618,-0.5685032345308053,-1.7746627061664462,9.0
619,-1.1494048099794218,-2.5605756234143033,10.0
620,0.07845410478180465,0.26184423796136913,1.0
621,0.29509032198179497,0.1506715487222683,2.0
622,-0.1745804483198596,0.30956411960036123,3.0
623,0.28697538484504403,-0.36367896612145023,4.0
624,0.7851338340762789,1.0370375188354635,5.0
625,0.6572883005294345,-0.017459784780556667,6.0
626,-0.5797294305966871,-1.393512921901788,7.0
627,-0.40527301804184473,0.7516353360534971,8.0
628,0.7955451686196942,1.9793133282736324,9.0
629,0.43047976736543875,-1.0432515555269304,10.0
630,-0.06547651774428871,-0.002124309585663317,1.0
631,-0.33212127435743477,-0.26022243170660053,2.0
632,0.04444553514416234,0.5168394848199604,3.0
633,0.2001880079772888,0.8648529687876843,4.0
634,-0.6829367130658958,-0.3146606848893767,5.0
635,-0.4135091518814036,0.4156859888346428,6.0
636,0.590099875987914,-0.23096258895629876,7.0
637,-1.1998844128843273,-0.8255179091527578,8.0
638,-0.3838661272347916,-1.6980814464147662,9.0
639,-0.10261630296761276,-1.7871117193234711,10.0
640,0.18666436822834903,0.012807695914535715,1.0
641,-0.43971815884410514,-0.5235390356887202,2.0
642,0.509523102534781,0.533167288934813,3.0
643,0.6470308019368596,0.3939858328812447,4.0
644,0.7542046399273292,0.8866719827101691,5.0
645,-0.9025232679629999,-0.8990931254746657,6.0
646,0.9499065163143245,1.377141956356417,7.0
647,1.1213885585877508,0.6703048196456535,8.0
648,-0.7771381029027344,0.3330448692707302,9.0
649,-0.880281477601424,0.5099009709541443,10.0
650,-0.25035934212180205,-0.3992023250545833,1.0
651,0.005002819142135252,-0.4468899074667892,2.0
652,-0.08054352808024741,-0.6367157358592525,3.0
653,-0.44366372856379105,-0.9141359314305721,4.0
654,-0.04685504941859665,-0.8764867781481229,5.0
655,0.7232825801671016,0.10160125525651623,6.0
656,0.7010956281519678,1.4504624938098298,7.0
657,0.5720276071858884,-0.4782225043236429,8.0
658,-0.637868011560974,0.6325906201128969,9.0
659,1.1798338840836051,2.293936257313803,10.0
660,-0.046972394530711704,-0.20753466021834718,1.0
661,-0.07465765909337378,0.2679032513882297,2.0
662,-0.40693296603290346,-0.1365193202708413,3.0
663,0.5906954277766199,0.9088093652438177,4.0
664,-0.7042920038039819,-0.48662842140150736,5.0
665,-0.6680525175082453,-1.2379949633914673,6.0
666,0.10186092816444248,1.159250432249102,7.0
667,-1.096652106386577,-1.0347990411975192,8.0
668,-1.2872552509609443,-1.1629472030131212,9.0
669,1.4151189059952605,0.19491197403529803,10.0
670,0.11079773329959948,-0.06959515883088478,1.0
671,0.3287628246072131,0.15305978003499723,2.0
672,0.3621236221638814,0.8353810899072599,3.0
673,-0.6213602515977298,-0.31982600657809646,4.0
674,0.6454006298543841,0.22515738808811744,5.0
675,-0.12779362591194995,-0.975453565395956,6.0
676,0.17133933937729975,-0.8431864960476805,7.0
677,-1.1919148646340074,-1.3263881004614209,8.0
678,-1.442473330906356,-1.5959826483469064,9.0
679,-1.4737173287233465,-0.8636893739230822,10.0
680,0.28299421563575594,0.3639934099555716,1.0
681,-0.4333853305033415,-0.5399358668015136,2.0
682,-0.5128510645439966,-0.4370002584638968,3.0
683,-0.5774281407964946,-0.3381116357937796,4.0
684,-0.4572809473048343,-1.0359676507082487,5.0
685,0.8411723649362497,1.2710490806143249,6.0
686,-0.5238204039834087,-1.3854155631694514,7.0
687,0.3961836659531786,1.4395672114890148,8.0
688,0.9025783766920452,-0.1386567057101815,9.0
689,-1.7667492787292984,-0.06823362091353509,10.0
690,0.08265527545290585,-0.19913548464756214,1.0
691,0.3887707815876133,0.6419453229881033,2.0
692,0.5501170071750872,0.6767223883768856,3.0
693,0.3254433658355726,0.864529814408044,4.0
694,-0.6915157101956604,-0.42554146019872235,5.0
695,0.06512285943966219,0.9532133436797369,6.0
696,0.02216371069922276,-0.9755766308270848,7.0
697,1.219932481165179,1.2689319864877442,8.0
698,1.0486967859222058,0.021757863013221246,9.0
699,-0.20034065684878286,-1.878954726535305,10.0
700,-0.1536801002142601,-0.18722817005616774,1.0
701,0.011605387858467221,0.43648839552109076,2.0
702,-0.29100227628117015,0.17610784507038799,3.0
703,0.5890993772156791,0.38379773909788734,4.0
704,0.3612511547210775,-0.3348043239437085,5.0
705,0.43829848647885766,-0.3327028111674211,6.0
706,-0.5532418304939122,-1.4590944261705243,7.0
707,1.0619140174233408,0.7546908497860383,8.0
708,1.3313010826811937,1.3701476972545545,9.0
709,-1.5197586128606644,-1.4566831699366816,10.0
710,0.10393922403316269,0.23617724783742902,1.0
711,-0.07303931314723261,-0.5010806196729103,2.0
712,0.21833390995422994,-0.25489402882507145,3.0
713,-0.6121497924004684,-0.4357745451764429,4.0
714,0.2742015871632414,-0.497290813797729,5.0
715,0.7808111449419195,0.355842106935231,6.0
716,0.9264044222767819,0.3514558190683183,7.0
717,-1.1755727273170595,-1.3848285607921187,8.0
718,1.4356824660683567,1.8723673221928558,9.0
719,0.530270946033269,2.0841513472088122,10.0
720,0.13780795559754044,0.07056534616388893,1.0
721,-0.3482515065639894,-0.24796364329686485,2.0
722,-0.4602249174182761,-0.6071364722847377,3.0
723,0.2885561043249241,-0.2594313732210623,4.0
724,0.1900563955616435,0.890467215229249,5.0
725,0.7797718120034004,0.3905864076973768,6.0
726,-0.36230430890104226,-1.360643647738179,7.0
727,0.1319315210791657,-1.0594785853719089,8.0
728,-1.2319076188487321,-0.8038713838106184,9.0
729,1.6341199128253068,1.3537512258319397,10.0
730,0.01712909239089058,-0.04056892861247113,1.0
731,0.23430426364418563,-0.011997092803541604,2.0
732,-0.41970922384101805,-0.7693907808817697,3.0
733,-0.5373610380525495,-0.8670249156910755,4.0
734,0.5260980794756628,0.003030946209896243,5.0
735,-0.5231684282040918,0.23512247626278335,6.0
736,0.8989072875937238,0.41779724366146664,7.0
737,-0.8903100706570551,-1.5383018747098673,8.0
738,-0.28710637422116664,-1.540655149955991,9.0
739,1.0899686890593698,2.480714530250314,10.0
740,-0.028319095298253605,-0.1721212888480722,1.0
741,-0.2792659359284445,0.04305941623442235,2.0
742,0.42993828933858796,0.07808017142185521,3.0
743,0.5912320050768108,0.9149273047994089,4.0
744,0.5307066566520984,0.05090570150834569,5.0
745,0.44354843355467827,1.204618343015168,6.0
746,0.06432308274345283,-0.8982728832539518,7.0
747,-0.4093770369209517,-1.494361378030882,8.0
748,-0.6399014864154724,0.5386339549969283,9.0
749,0.7096694870943997,-0.7349070491890709,10.0
750,0.2872488301948271,0.3451249620598232,1.0
751,0.23469933440232418,-0.02200423037444869,2.0
752,0.4626759591903603,0.6986973777703188,3.0
753,-0.007649058176276292,-0.64652329736617,4.0
754,-0.2666566260691238,0.4932761997993314,5.0
755,0.35222859477909246,1.1553421576086822,6.0
756,0.4975851522709224,-0.4337088619992962,7.0
757,0.5602172748393193,-0.5051859815988473,8.0
758,1.4163881803577802,1.3671167938103532,9.0
759,-0.6479991057332014,1.4954048592518827,10.0
760,-0.08660021504663505,-0.13339225425060003,1.0
761,-0.11108624211522615,0.26697070264051076,2.0
762,-0.47063002190971803,-0.2283543658270884,3.0
763,-0.43604407666393435,0.10834331280219006,4.0
764,0.03607538203408525,0.83604409511874,5.0
765,0.8000248497141091,1.079390517702588,6.0
766,0.5806906689932387,1.4325073322978144,7.0
767,-0.2651154036895373,0.8376716850612491,8.0
768,-1.0214235059759098,-1.9553701111075446,9.0
769,0.8695236912517278,-0.5694108665987699,10.0
770,-0.22096436583111523,-0.3975221571438553,1.0
771,0.11366363844669536,0.43702357337411984,2.0
772,-0.15476095951286642,-0.6770428446447687,3.0
773,0.07031218157103074,0.7204582026792706,4.0
774,-0.5210921614833298,-1.0746764575184584,5.0
775,0.43549961082483846,-0.3511044176241769,6.0
776,0.9767638834332801,1.4538355437263764,7.0
777,-0.2923943876507936,0.8825335709883578,8.0
778,1.457733401013843,1.1461022994440497,9.0
779,1.515703677166909,2.5609294417056554,10.0
780,-0.31026417937363476,-0.22419757029937756,1.0
781,0.3110604818249483,0.11158660570670541,2.0
782,0.50721528524683,0.26674336057922493,3.0
783,0.4796043494109401,0.971975162564487,4.0
784,0.7937726490048115,0.6620762856749346,5.0
785,0.6432033424118722,0.09721384707439175,6.0
786,0.5416916676148897,-0.3743140021159629,7.0
787,0.725176110302409,1.6641789396282125,8.0
788,0.6881789003255803,-0.379224584846989,9.0
789,-1.7117060206702774,-1.6143503956127079,10.0
790,-0.16219157616825983,-0.14612995798566888,1.0
791,-0.11374494198704041,-0.42065864389190505,2.0
792,-0.48013929976471836,-0.7037624395075978,3.0
793,0.21059983790062403,0.8687270454140513,4.0
794,-0.6909304823148515,-0.4294540356098212,5.0
795,0.8933845510663041,0.6220453855181359,6.0
796,1.0460406462105953,1.2573271981739107,7.0
797,0.6072080280710511,1.7060691366296052,8.0
798,0.5058864545768272,-0.6592448704646413,9.0
799,-1.045723486600227,0.1368544131700579,10.0
800,-0.1841070641199938,0.038846590513315245,1.0
801,0.1615137588527918,-0.22422672345590322,2.0
802,0.06772063308760867,-0.41543139373911064,3.0
803,0.10753410581688251,0.7963617269204651,4.0
804,0.7296029954642244,0.854230262123102,5.0
805,-0.4131420506548798,-1.1939215611337957,6.0
806,0.7013566916396048,1.4574819566693833,7.0
807,-0.3925623892653573,0.6997075101777807,8.0
808,1.1830758683193077,1.942994908331927,9.0
809,-1.000723344973152,-2.1510217328058308,10.0
810,0.08851237604394634,-0.2214793992026024,1.0
811,-0.0012537176814864349,-0.40011267075608015,2.0
812,0.38974880119061656,0.03977637133804392,3.0
813,0.19291817474731607,-0.4491444092805132,4.0
814,0.29950109691009136,-0.4672037322203662,5.0
815,-0.9173363052760707,-0.8849396184883616,6.0
816,0.09891931519129507,-0.9604220945431874,7.0
817,-0.7249855733618193,-1.6281612864395194,8.0
818,-0.5487371792483411,-1.8427867489733367,9.0
819,-0.7997694764402892,0.543790142490882,10.0
820,0.15803140555738657,0.12320781112954443,1.0
821,0.17481819710356344,0.572791269053081,2.0
822,0.43181075445596045,0.7499476658423339,3.0
823,0.032164233317028904,-0.6122101023021709,4.0
824,-0.19559646930269667,-0.9906576507378758,5.0
825,-0.8860983364260114,-1.13061014010757,6.0
826,-0.8280629158890372,-0.266041139730996,7.0
827,0.5965093583628687,1.6896885998149793,8.0
828,-0.8323163779132972,-2.0123614821986004,9.0
829,-1.6361652511059512,-1.6486336874362593,10.0
830,0.23634869491420393,0.45580636220284515,1.0
831,-0.3089818496387935,-0.15330597632143558,2.0
832,0.3323409589136133,-0.13158056343356853,3.0
833,0.3921143885906357,0.9321966066064841,4.0
834,-0.10198279162979679,0.6916201260913369,5.0
835,-0.9315609729034202,-0.7983719349458908,6.0
836,0.9263154459620502,1.4390069294070589,7.0
837,0.5729133892905185,-0.46496532537014085,8.0
838,-0.7642942001927606,-1.8055112559865565,9.0
839,-1.8557142148549912,-2.1377824555495946,10.0
840,0.21343876436572898,0.24236794319753388,1.0
841,0.14239076839384449,0.44554240708818177,2.0
842,0.16991531423020267,0.7178149682179672,3.0
843,0.2054206002321464,0.8327447299823643,4.0
844,-0.4590295306674754,0.2158100134784562,5.0
845,0.39355347211142155,1.1937925656477404,6.0
846,-0.3514113514477894,0.6720242895116636,7.0
847,0.4361647923755503,-0.6929537903776077,8.0
848,0.926893577045208,2.0486344305190554,9.0
849,1.4689266268535166,1.068976652707068,10.0
850,0.10182773122855286,0.3026778280446264,1.0
851,-0.0004822916823919107,-0.42641210948163366,2.0
852,-0.5073622515050064,-0.6437558248552322,3.0
853,0.609880818221861,0.8915064586785953,4.0
854,-0.7139890874976824,-0.7970292786176433,5.0
855,-0.4857641530559858,0.24067992317827452,6.0
856,-0.33424637212857117,0.69999003350938,7.0
857,-0.17534302485530892,-1.2796311590040512,8.0
858,1.0690515512529943,2.029960987506755,9.0
859,0.38328725766034255,2.1330152476468918,10.0
860,-0.30170630475336785,-0.3450605051857877,1.0
861,0.2512163272134319,0.569940913767383,2.0
862,0.28859875435817495,0.7099090007785432,3.0
863,-0.6514981964078981,-0.6800676305721215,4.0
864,-0.311666428436609,-1.0510749059493172,5.0
865,-0.758401578104622,-1.1496274258153398,6.0
866,0.9544223448755319,0.8062789218379817,7.0
867,-0.1257580348193468,1.0001866635383838,8.0
868,-1.3254407444201233,-1.5967613182406262,9.0
869,-1.454345163485043,-0.7251341023309513,10.0
870,0.15373856254864451,0.41065266366897896,1.0
871,0.38185197317945074,0.27094209119536466,2.0
872,0.03182465071839974,-0.5363273636757516,3.0
873,0.5007834080327151,0.08146525335357922,4.0
874,0.7599451929190891,1.0229346664442345,5.0
875,0.7933953723222661,0.3374814412122963,6.0
876,-0.9870936178425213,-0.9408213182790591,7.0
877,-0.5558721064163062,0.5782687067968478,8.0
878,-1.4073976021081334,-1.9028560159781283,9.0
879,-1.1878512247466808,-2.360700720529844,10.0
880,0.18290743121959832,0.39876289910946916,1.0
881,-0.41544702337528955,-0.5279617134160276,2.0
882,0.13195161641244701,-0.44412833069093793,3.0
883,-0.5856972277613539,-0.7029372780681343,4.0
884,0.6340648720276408,1.0803775182558597,5.0
885,-0.7146685574306073,-0.18031140549870395,6.0
886,-0.4744570421613194,-1.337034590917555,7.0
887,1.148677549726747,1.5056179994132919,8.0
888,-1.1841992561714785,-0.3593552271281928,9.0
889,1.4052553423825251,-0.033373996745376285,10.0
890,-0.025636669027554525,0.29706274358002277,1.0
891,-0.444617312053749,-0.42259591242003314,2.0
892,-0.42656278860666436,-0.014401134888099255,3.0
893,0.22210446102342507,0.8854571851594321,4.0
894,-0.7052785091188601,-0.9160340195638029,5.0
895,0.9496885162806615,0.8638409587176262,6.0
896,0.3308309546930879,-0.6918982296255034,7.0
897,-1.0826107687758362,-0.6132697019313109,8.0
898,1.2737124775828756,1.872991981848663,9.0
899,1.541321286683638,1.0323077066837674,10.0
900,-0.02550747384239319,-0.30563142772597585,1.0
901,-0.14168197804873384,0.2255952278892206,2.0
902,0.002347647687716647,0.533837476302602,3.0
903,0.6586902576445935,0.7758527736867761,4.0
904,-0.5579399810428212,-1.0269086932396945,5.0
905,0.7943655378037721,1.1434805307323563,6.0
906,-0.584442640270807,0.29191917706963405,7.0
907,-0.7428397546345809,0.22458567611766414,8.0
908,0.4863810571168659,-0.7113597062204465,9.0
909,-1.7804785484060384,-2.0192306793822157,10.0
910,-0.06684774633642936,-0.38063698998646694,1.0
911,-0.3538610300935729,-0.5438695795048545,2.0
912,0.2549113778961011,-0.22703227684607574,3.0
913,-0.6223081583915948,-0.8497766507944825,4.0
914,-0.21136526793171315,-0.902056792818815,5.0
915,0.9259007365904504,0.7820865944548469,6.0
916,0.970899082167297,1.352458786969136,7.0
917,-0.15201981203458395,-1.3519502844503684,8.0
918,-1.4390687603761394,-1.69184055200633,9.0
919,1.4679220584457098,2.740948226893316,10.0
920,0.15294859489998283,-0.018322993288210424,1.0
921,-0.27108794165097005,-0.4905434383079812,2.0
922,0.43411726589577043,0.6283554279978456,3.0
923,0.1918889062206774,-0.42130253840063264,4.0
924,-0.32722537569347865,-1.0157077306894693,5.0
925,0.4039092563252222,-0.3625932567812476,6.0
926,-0.000962561592026941,-1.0406484818806738,7.0
927,-0.8014993018927874,-1.7748570877174659,8.0
928,0.7009055221904699,1.8198913479085022,9.0
929,0.238105900014603,1.9720046985619877,10.0
930,0.16885684518046876,0.0611157351576645,1.0
931,0.22410306567829186,0.5866430602360336,2.0
932,0.4300173671724337,0.6893960292733944,3.0
933,-0.41198209474306574,-0.8526449027303329,4.0
934,0.2529769043306623,1.0152237210705994,5.0
935,0.7585027840880445,1.1858411393638664,6.0
936,0.9925418505450576,0.6989777760266068,7.0
937,-1.058230278324389,-1.5574894280455653,8.0
938,-1.3515771463482722,-0.8733546819253925,9.0
939,1.1157169695402176,2.240150976778545,10.0
940,-0.011702221300916913,-0.18786597827334586,1.0
941,-0.4386536462841916,-0.37572781832102625,2.0
942,0.011048550102323855,-0.526614696247266,3.0
943,0.009769707549138506,0.6270631341567768,4.0
944,0.6875028233232774,1.125725297228594,5.0
945,-0.932660925959841,-1.0326908160230464,6.0
946,-0.7310717039353304,-0.10110626469630771,7.0
947,-0.7265609410335534,-1.5546404739305282,8.0
948,0.06911440680989549,1.344896215709103,9.0
949,0.13339559457553565,2.0815379568556316,10.0
950,-0.03473502188361524,0.046563627701279184,1.0
951,0.4082666648546466,0.378911258262585,2.0
952,-0.17276142066261332,0.3973122332221543,3.0
953,-0.5070570849547724,-0.04691006015281091,4.0
954,0.8225783200974669,0.9055796089471718,5.0
955,0.5258455931312205,1.197791667159345,6.0
956,0.3634563299657407,-0.6109600481654716,7.0
957,0.7129172486928904,1.7573217863842885,8.0
958,-0.9154574894365036,-1.9485811060237477,9.0
959,-1.124626006517232,-2.226662375235761,10.0
960,0.08311613907251586,0.37275417767497854,1.0
961,0.10126883048300926,-0.31972179945669654,2.0
962,0.5171861501454071,0.4580646199569155,3.0
963,0.5628488811006795,0.8977787888247524,4.0
964,0.05913382468460387,0.7749451016037721,5.0
965,-0.6539204319822918,0.031277509898899096,6.0
966,-0.3172605444909386,-1.3159594534492365,7.0
967,1.2500504486528483,1.2731446828157116,8.0
968,1.2942809356509495,1.404997396565894,9.0
969,-1.5537930469866836,-1.4796674303568935,10.0
970,-0.24775118833511936,-0.4006065953124038,1.0
971,0.36438680494442405,0.21960965269474356,2.0
972,0.5322535009226569,0.46001926049394304,3.0
973,-0.6174640353430703,-0.8498049584412241,4.0
974,-0.46537687994358806,-1.043361890209077,5.0
975,-0.835838987114748,-0.3863948152044429,6.0
976,0.11692571597749693,-0.9199591718520274,7.0
977,-1.1189114580029507,-0.5996979978288275,8.0
978,1.356571377976933,0.8451522699665709,9.0
979,-1.5114101319587463,-1.1774520034808273,10.0
980,0.23340239847597458,0.4108072523569418,1.0
981,0.1450492256216204,-0.29989288879496967,2.0
982,-0.3615813991789027,-0.004909117645722949,3.0
983,0.5043704954226709,0.9298411430841874,4.0
984,-0.2833690550456974,0.46638783676262896,5.0
985,-0.57088942588132,-1.2018942277438784,6.0
986,-0.999801845496711,-0.9008429848674179,7.0
987,-0.6902922313439701,-1.648002724268703,8.0
988,-0.3072184602087174,1.0098780145739097,9.0
989,-1.3208981618307765,-0.5230318278341775,10.0
990,-0.19290931740514597,0.04165424350606518,1.0
991,-0.38771849896508603,-0.26393850879250236,2.0
992,-0.406764658464888,-0.6611213585901702,3.0
993,0.2320981957883393,-0.3662238420902388,4.0
994,0.573955551662555,1.0407170449157086,5.0
995,-0.4541699909091058,-1.2374115388258669,6.0
996,0.6711923899897904,-0.039209559611236476,7.0
997,-0.27579469545159657,-1.3854064856554784,8.0
998,0.4045557619814951,-0.8354113283382462,9.0
999,0.24382946158917929,-1.5147315937144246,10.0
